{
  "project_info": {
    "project_number": "1089830596000",
    "project_id": "instagram-13b00",
    "storage_bucket": "instagram-13b00.appspot.com"
  },
  "client": [
    {
      "client_info": {
        "mobilesdk_app_id": "1:1089830596000:android:d1291565ed3aca847888c5",
        "android_client_info": {
          "package_name": "com.example.inxtagram"
        }
      },
      "oauth_client": [
        {
          "client_id": "1089830596000-ce7jk4cs91d02odite55ijvjn2cvledj.apps.googleusercontent.com",
          "client_type": 3
        }
      ],
      "api_key": [
        {
          "current_key": "AIzaSyCdB8_ms5Wo8hP5fi4A_IcPkEjiHTSP9pc"
        }
      ],
      "services": {
        "appinvite_service": {
          "other_platform_oauth_client": [
            {
              "client_id": "1089830596000-ce7jk4cs91d02odite55ijvjn2cvledj.apps.googleusercontent.com",
              "client_type": 3
            }
          ]
        }
      }
    }
  ],
  "configuration_version": "1"
}